		<Frame id="0" width="21"/>
		<Frame id="1" width="12"/>
		<Frame id="2" width="13"/>
		<Frame id="3" width="17"/>
		<Frame id="4" width="17"/>
		<Frame id="5" width="17"/>
		<Frame id="6" width="26"/>
		<Frame id="7" width="10"/>
		<Frame id="8" width="12"/>
		<Frame id="9" width="12"/>
		<Frame id="10" width="25"/>
		<Frame id="11" width="29"/>
		<Frame id="12" width="11"/>
		<Frame id="13" width="14"/>
		<Frame id="14" width="12"/>
		<Frame id="15" width="25"/>
		<Frame id="16" width="29"/>
		<Frame id="17" width="17"/>
		<Frame id="18" width="25"/>
		<Frame id="19" width="16"/>
		<Frame id="20" width="28"/>
		<Frame id="21" width="18"/>
		<Frame id="22" width="24"/>
		<Frame id="23" width="23"/>
		<Frame id="24" width="21"/>
		<Frame id="25" width="23"/>
		<Frame id="26" width="14"/>
		<Frame id="27" width="14"/>
		<Frame id="28" width="17"/>
		<Frame id="29" width="16"/>
		<Frame id="30" width="17"/>
		<Frame id="31" width="13"/>
		<Frame id="32" width="17"/>
		<Frame id="33" width="31"/>
		<Frame id="34" width="24"/>
		<Frame id="35" width="20"/>
		<Frame id="36" width="26"/>
		<Frame id="37" width="21"/>
		<Frame id="38" width="22"/>
		<Frame id="39" width="25"/>
		<Frame id="40" width="28"/>
		<Frame id="41" width="12"/>
		<Frame id="42" width="19"/>
		<Frame id="43" width="27"/>
		<Frame id="44" width="19"/>
		<Frame id="45" width="36"/>
		<Frame id="46" width="28"/>
		<Frame id="47" width="30"/>
		<Frame id="48" width="21"/>
		<Frame id="49" width="30"/>
		<Frame id="50" width="25"/>
		<Frame id="51" width="16"/>
		<Frame id="52" width="24"/>
		<Frame id="53" width="27"/>
		<Frame id="54" width="27"/>
		<Frame id="55" width="36"/>
		<Frame id="56" width="31"/>
		<Frame id="57" width="27"/>
		<Frame id="58" width="28"/>
		<Frame id="59" width="17"/>
		<Frame id="60" width="17"/>
		<Frame id="61" width="17"/>
		<Frame id="62" width="17"/>
		<Frame id="63" width="17"/>
		<Frame id="64" width="17"/>
		<Frame id="65" width="31"/>
		<Frame id="66" width="24"/>
		<Frame id="67" width="20"/>
		<Frame id="68" width="26"/>
		<Frame id="69" width="21"/>
		<Frame id="70" width="22"/>
		<Frame id="71" width="25"/>
		<Frame id="72" width="28"/>
		<Frame id="73" width="12"/>
		<Frame id="74" width="19"/>
		<Frame id="75" width="27"/>
		<Frame id="76" width="19"/>
		<Frame id="77" width="36"/>
		<Frame id="78" width="28"/>
		<Frame id="79" width="30"/>
		<Frame id="80" width="21"/>
		<Frame id="81" width="30"/>
		<Frame id="82" width="25"/>
		<Frame id="83" width="16"/>
		<Frame id="84" width="24"/>
		<Frame id="85" width="27"/>
		<Frame id="86" width="27"/>
		<Frame id="87" width="36"/>
		<Frame id="88" width="31"/>
		<Frame id="89" width="27"/>
		<Frame id="90" width="28"/>
		<Frame id="91" width="17"/>
		<Frame id="92" width="17"/>
		<Frame id="93" width="17"/>
		<Frame id="94" width="17"/>
		<Frame id="95" width="0"/>
		<Frame id="96" width="0"/>
		<Frame id="97" width="0"/>
		<Frame id="98" width="0"/>
		<Frame id="99" width="0"/>
		<Frame id="100" width="0"/>
		<Frame id="101" width="0"/>
		<Frame id="102" width="0"/>
		<Frame id="103" width="0"/>
		<Frame id="104" width="0"/>
		<Frame id="105" width="0"/>
		<Frame id="106" width="0"/>
		<Frame id="107" width="0"/>
		<Frame id="108" width="0"/>
		<Frame id="109" width="0"/>
		<Frame id="110" width="0"/>
		<Frame id="111" width="0"/>
		<Frame id="112" width="0"/>
		<Frame id="113" width="0"/>
		<Frame id="114" width="0"/>
		<Frame id="115" width="0"/>
		<Frame id="116" width="0"/>
		<Frame id="117" width="0"/>
		<Frame id="118" width="0"/>
		<Frame id="119" width="0"/>
		<Frame id="120" width="0"/>
		<Frame id="121" width="0"/>
		<Frame id="122" width="0"/>
		<Frame id="123" width="0"/>
		<Frame id="124" width="0"/>
		<Frame id="125" width="0"/>
		<Frame id="126" width="0"/>
		<Frame id="127" width="0"/>
		<Frame id="128" width="2"/>1
		<Frame id="129" width="0"/>
		<Frame id="130" width="0"/>
		<Frame id="131" width="0"/>
		<Frame id="132" width="0"/>
		<Frame id="133" width="0"/>
		<Frame id="134" width="0"/>
		<Frame id="135" width="0"/>
		<Frame id="136" width="0"/>
		<Frame id="137" width="0"/>
		<Frame id="138" width="0"/>
		<Frame id="139" width="0"/>
		<Frame id="140" width="0"/>
		<Frame id="141" width="0"/>
		<Frame id="142" width="0"/>
		<Frame id="143" width="0"/>
		<Frame id="144" width="0"/>
		<Frame id="145" width="0"/>
		<Frame id="146" width="0"/>
		<Frame id="147" width="0"/>
		<Frame id="148" width="0"/>
		<Frame id="149" width="0"/>
		<Frame id="150" width="0"/>
		<Frame id="151" width="0"/>
		<Frame id="152" width="0"/>
		<Frame id="153" width="0"/>
		<Frame id="154" width="0"/>
		<Frame id="155" width="0"/>
		<Frame id="156" width="0"/>
		<Frame id="157" width="0"/>
		<Frame id="158" width="0"/>
		<Frame id="159" width="0"/>
		<Frame id="160" width="0"/>
		<Frame id="161" width="0"/>
		<Frame id="162" width="0"/>
		<Frame id="163" width="0"/>
		<Frame id="164" width="0"/>
		<Frame id="165" width="0"/>
		<Frame id="166" width="0"/>
		<Frame id="167" width="0"/>
		<Frame id="168" width="0"/>
		<Frame id="169" width="0"/>
		<Frame id="170" width="0"/>
		<Frame id="171" width="0"/>
		<Frame id="172" width="0"/>
		<Frame id="173" width="0"/>
		<Frame id="174" width="0"/>
		<Frame id="175" width="0"/>
		<Frame id="176" width="0"/>
		<Frame id="177" width="0"/>
		<Frame id="178" width="0"/>
		<Frame id="179" width="0"/>
		<Frame id="180" width="0"/>
		<Frame id="181" width="0"/>
		<Frame id="182" width="0"/>
		<Frame id="183" width="0"/>
		<Frame id="184" width="0"/>
		<Frame id="185" width="0"/>
		<Frame id="186" width="0"/>
		<Frame id="187" width="0"/>
		<Frame id="188" width="0"/>
		<Frame id="189" width="0"/>
		<Frame id="190" width="0"/>
		<Frame id="191" width="0"/>
		<Frame id="192" width="0"/>
		<Frame id="193" width="0"/>
		<Frame id="194" width="0"/>
		<Frame id="195" width="0"/>
		<Frame id="196" width="0"/>
		<Frame id="197" width="0"/>
		<Frame id="198" width="0"/>
		<Frame id="199" width="0"/>
		<Frame id="200" width="0"/>
		<Frame id="201" width="0"/>
		<Frame id="202" width="0"/>
		<Frame id="203" width="0"/>
		<Frame id="204" width="0"/>
		<Frame id="205" width="0"/>
		<Frame id="206" width="0"/>
		<Frame id="207" width="0"/>
		<Frame id="208" width="0"/>
		<Frame id="209" width="0"/>
		<Frame id="210" width="0"/>
		<Frame id="211" width="0"/>
		<Frame id="212" width="0"/>
		<Frame id="213" width="0"/>
		<Frame id="214" width="0"/>
		<Frame id="215" width="0"/>
		<Frame id="216" width="0"/>
		<Frame id="217" width="0"/>
		<Frame id="218" width="0"/>
		<Frame id="219" width="0"/>
		<Frame id="220" width="0"/>
		<Frame id="221" width="0"/>
		<Frame id="222" width="0"/>
		<Frame id="223" width="0"/>
		